Actual_Sales,Predicted_Sales
179002839,1.7838024e+08
178676924,1.7473667e+08
180918293,1.7442477e+08
177754219,1.7442002e+08
179630073,1.7437739e+08
184970125,1.7775395e+08
181195482,1.7920578e+08
178404182,1.769676e+08
192108735,1.8177208e+08
197917628,1.9030654e+08
194057784,1.9608125e+08
194303303,1.9637066e+08
195635389,1.9593152e+08
200427370,1.9238618e+08
202888791,1.9581387e+08
199965775,2.0022421e+08
197876829,1.9700886e+08
207976103,2.0606205e+08
207537233,2.0992051e+08
208193477,2.1108395e+08
219547509,2.1231635e+08
212449962,2.171294e+08
209711182,2.1066267e+08
209838488,2.1516667e+08
220358695,2.1612421e+08
220100179,2.2273714e+08
226966251,2.2078328e+08
212433149,2.2153824e+08
212769923,2.1450072e+08
215436686,2.1632094e+08
221654891,2.1813853e+08
226809535,2.212619e+08
224323610,2.2402618e+08
215153556,2.1680718e+08
215670829,2.1807952e+08
227759611,2.1371043e+08
215165395,2.1892336e+08
213270228,2.1125499e+08
215556916,2.0878306e+08
218622107,2.121874e+08
211016006,2.1287648e+08
204418181,2.0682414e+08
198480435,2.0883398e+08
194245502,2.0086643e+08
197814663,2.0250448e+08
194267617,1.9995958e+08
197053090,2.0001734e+08
192420637,1.9662272e+08
191867741,1.9358189e+08
194239369,1.9500438e+08
200415284,1.9647874e+08
200741724,1.96899e+08
184497797,1.9477867e+08
186490148,1.866768e+08
185544784,1.8617106e+08
182246125,1.8686954e+08
183105938,1.8565669e+08
192305584,1.9014408e+08
191999971,1.9565915e+08
191443698,1.9429547e+08
199003416,1.9458555e+08
209478343,2.0220942e+08
218905536,2.0817638e+08
210866567,2.1754846e+08
202214026,2.1149824e+08
205535419,2.0432421e+08
202345732,2.0571283e+08
203132041,2.0647858e+08
206852539,2.055115e+08
211451723,2.0633803e+08
219573277,2.1258614e+08
182124831,1.8348178e+08
187226998,1.840776e+08
190506028,1.8430638e+08
184460687,1.8391686e+08
184840307,1.8317374e+08
191822690,1.8889557e+08
193758115,1.9151042e+08
186140486,1.9181464e+08
191804856,1.875076e+08
204336119,1.9271794e+08
199341790,1.9854155e+08
203135958,1.991858e+08
204330837,2.006701e+08
216587578,2.0208557e+08
219518921,2.0639432e+08
217866947,2.1072834e+08
207194456,2.1024568e+08
210346537,2.1821144e+08
219329549,2.1931221e+08
215137302,2.2722741e+08
215304100,2.2300387e+08
219462134,2.201902e+08
221466462,2.21589e+08
228960137,2.2963282e+08
224705587,2.3093446e+08
215666630,2.2694384e+08
230278334,2.2182547e+08
220195810,2.2772531e+08
218623208,2.2417715e+08
213178650,2.2476021e+08
211959851,2.2069595e+08
225961035,2.1652966e+08
220700930,2.244572e+08
215522849,2.1759955e+08
222686060,2.1477066e+08
232958487,2.147633e+08
226231108,2.2025214e+08
218387231,2.1908282e+08
211204050,2.152542e+08
214133475,2.122693e+08
218976019,2.1509856e+08
211117837,2.1604202e+08
206019098,2.0703123e+08
203716151,2.0782016e+08
212352076,2.0851008e+08
209536787,2.0938342e+08
206468807,2.0322746e+08
200179530,2.0511162e+08
195652307,2.0128843e+08
200138362,2.0128843e+08
204225387,2.0128843e+08
206642210,2.0334208e+08
188408490,1.9834054e+08
194629091,1.8905693e+08
199308521,1.9441166e+08
191351464,1.9355618e+08
193432652,1.9194682e+08
203668153,1.9700389e+08
210784001,2.007868e+08
200168687,2.0563254e+08
201565059,2.0385827e+08
216243765,2.0921736e+08
235892871,2.1671789e+08
227766017,2.2482195e+08
207113292,2.2599962e+08
215603138,2.12914e+08
229352435,2.1658424e+08
223021337,2.2350362e+08
220557323,2.2083411e+08
231156458,2.2201845e+08
240505460,2.370955e+08
93380357,9.714472e+07
94532467,9.5066984e+07
98948580,9.517844e+07
92112220,9.686367e+07
94644193,9.422608e+07
96618081,9.514731e+07
97702066,9.5602264e+07
90819494,9.5650584e+07
99037115,9.417757e+07
103093646,9.994816e+07
102169602,1.0103784e+08
102381503,1.0103784e+08
99464637,1.0103784e+08
103811548,9.972311e+07
105314661,1.00504984e+08
104085976,1.00993864e+08
100996169,1.0146913e+08
103805094,1.03889144e+08
105764203,1.0398534e+08
110749148,1.072937e+08
110460402,1.1031551e+08
109863859,1.1061648e+08
109057664,1.110199e+08
110363535,1.11198424e+08
117770997,1.12506856e+08
114411032,1.1664727e+08
119976406,1.1390062e+08
117172559,1.1722908e+08
114762339,1.1717445e+08
114581651,1.15377176e+08
114979802,1.1612085e+08
116148959,1.1484234e+08
118150219,1.1564258e+08
112180743,1.15686824e+08
113832344,1.1377912e+08
118942575,1.1228883e+08
116255198,1.1482572e+08
113416519,1.1276186e+08
110869552,1.1213585e+08
112136004,1.1038305e+08
112645109,1.1145157e+08
109648626,1.11421384e+08
105598575,1.0879742e+08
102518258,1.073015e+08
104366457,1.0409767e+08
104922414,1.05272424e+08
104002357,1.0409513e+08
103751416,1.0387205e+08
99768472,1.0186837e+08
102920616,1.0154892e+08
104855820,1.0207176e+08
110014384,1.04774664e+08
96531612,1.0457312e+08
99012694,9.977093e+07
101487862,1.0203762e+08
96226248,1.0234472e+08
98786791,1.0169366e+08
100758299,1.04518264e+08
103288441,1.00836616e+08
100840048,1.0133227e+08
102483063,1.01388904e+08
111201474,1.05514184e+08
116121676,1.1251645e+08
111784587,1.1194765e+08
102395451,1.1107579e+08
109455465,1.07473016e+08
112740581,1.1138368e+08
111327538,1.1169736e+08
110406153,1.10227656e+08
111996706,1.09579304e+08
116455073,1.1530124e+08
729386633,6.7500064e+08
736430207,6.759215e+08
755673421,6.759215e+08
750604360,6.759215e+08
732224035,6.752391e+08
745632437,6.84348e+08
762696333,6.858679e+08
739917838,6.84348e+08
757884374,6.84348e+08
775923009,6.833456e+08
779023246,6.863069e+08
773456533,6.833456e+08
798854528,6.863069e+08
819513915,6.9515226e+08
831441980,6.9515226e+08
822280165,6.945854e+08
798871465,7.22259e+08
822427062,7.240613e+08
837782910,7.226113e+08
812869874,7.243128e+08
823723310,7.243128e+08
854870957,7.235145e+08
867362897,7.012495e+08
894410020,7.0190944e+08
886160929,7.0190944e+08
888243245,7.0190944e+08
935576185,6.96085e+08
892737988,6.9836736e+08
896695790,7.203679e+08
921542954,7.1982106e+08
903223651,7.1982106e+08
925362008,7.176792e+08
938316356,7.176792e+08
900851967,7.14548e+08
909390979,7.146519e+08
953230705,7.0570035e+08
941975597,7.064805e+08
867638860,6.764501e+08
855686656,6.7543104e+08
856445643,7.823937e+08
866381839,7.85024e+08
826542797,7.85024e+08
836400784,7.827031e+08
821263499,8.1154477e+08
813144569,8.083695e+08
811480817,8.07078e+08
832806518,8.075893e+08
792984860,8.0446214e+08
764715118,7.8962003e+08
779963946,7.5706304e+08
802540094,7.70609e+08
815368628,8.0265766e+08
756579579,6.8465574e+08
756624460,6.8027795e+08
766999017,6.8027795e+08
764986979,6.8027795e+08
778317435,6.8027795e+08
787384368,6.88323e+08
845801292,6.845928e+08
786199419,6.9947405e+08
786344636,6.758791e+08
839560396,6.845928e+08
921784604,7.2891046e+08
841308841,7.0042266e+08
789656125,7.0042266e+08
813344182,6.827307e+08
860323110,6.981021e+08
835223086,6.981021e+08
850571754,6.981021e+08
874642691,6.872982e+08
883254116,7.014235e+08
151947526,1.5682778e+08
153105243,1.5342904e+08
156254016,1.557987e+08
150034320,1.5641974e+08
152646637,1.5124717e+08
153916049,1.5285315e+08
155012983,1.5285504e+08
151291673,1.5373229e+08
155238168,1.5065994e+08
162120987,1.5655702e+08
165585877,1.6112069e+08
154499195,1.642444e+08
156865111,1.596853e+08
166188104,1.5892053e+08
164003270,1.6209054e+08
166284416,1.6230186e+08
160943182,1.6209054e+08
166665063,1.6355902e+08
168274038,1.699483e+08
172753762,1.7164026e+08
170755925,1.7406914e+08
175164905,1.7419046e+08
176922383,1.7676109e+08
189261835,1.8154107e+08
188954673,1.86142e+08
183110601,1.8688965e+08
192748764,1.8468858e+08
188835247,1.9059798e+08
191510122,1.8953187e+08
190447519,1.9322792e+08
187086252,1.8981218e+08
191155092,1.8691602e+08
194019813,1.8677226e+08
185820296,1.944609e+08
184995507,1.861729e+08
190922801,1.8701043e+08
183501225,1.8636558e+08
178738199,1.8090909e+08
173668948,1.7682638e+08
171144803,1.7369166e+08
171131407,1.7396048e+08
168565630,1.736193e+08
165083338,1.6902618e+08
159706082,1.6659342e+08
163509210,1.6212558e+08
165084506,1.6517518e+08
166380492,1.6549819e+08
159140609,1.6548214e+08
158470699,1.597012e+08
166933507,1.597012e+08
172438878,1.6816395e+08
174350869,1.7123971e+08
157223682,1.7142357e+08
159222412,1.6482747e+08
164136085,1.6422134e+08
157271988,1.6661206e+08
159977860,1.6212051e+08
160037908,1.617797e+08
167733877,1.6072253e+08
161916342,1.6462248e+08
162974536,1.6091493e+08
176596202,1.6751829e+08
187274807,1.7983349e+08
175970340,1.8521149e+08
162208711,1.8002514e+08
164277029,1.672619e+08
176090726,1.710864e+08
171275346,1.7620698e+08
171663318,1.7404827e+08
176581204,1.7126938e+08
184271719,1.8275827e+08
78707960,8.25478e+07
79982309,8.00382e+07
79998410,8.016464e+07
75730960,7.9440504e+07
79225631,7.9440504e+07
78867983,8.009483e+07
77308768,7.84317e+07
75044848,7.860527e+07
78074992,7.830789e+07
81244604,7.853545e+07
79458363,7.940357e+07
79850855,7.853545e+07
80412221,7.883283e+07
83539947,8.022502e+07
84788564,8.080329e+07
83716932,8.229521e+07
78705229,8.255358e+07
84565667,8.344304e+07
87613823,8.434246e+07
86752612,8.842132e+07
95588771,9.065714e+07
92648751,9.5757256e+07
92901720,9.519294e+07
94343154,9.4355656e+07
91475329,9.3281576e+07
93202712,9.352295e+07
101589519,9.401832e+07
94364113,9.745805e+07
93692699,9.414895e+07
93947416,9.414895e+07
94252644,9.401832e+07
95748091,9.433346e+07
93238518,9.518181e+07
94701139,9.351144e+07
93541954,9.390484e+07
93921009,9.270015e+07
87799469,9.2589384e+07
86482696,8.7446936e+07
87625522,8.551789e+07
88582157,8.752676e+07
88062177,8.7367416e+07
83598256,8.689986e+07
84847909,8.395062e+07
82234259,8.3719784e+07
88105835,8.40363e+07
84784922,8.626741e+07
87584796,8.390567e+07
89099386,8.639804e+07
81630154,8.745891e+07
85484044,8.431364e+07
87927075,8.535004e+07
94160702,8.686028e+07
81444066,9.073419e+07
84761850,8.481657e+07
81338879,8.506428e+07
80180536,8.4556424e+07
81503818,8.608538e+07
82428773,8.615137e+07
82315194,8.3517144e+07
81341664,8.356543e+07
82172857,8.313499e+07
88221789,8.482225e+07
95286711,9.132154e+07
91217475,9.499595e+07
83520434,9.392357e+07
86141282,8.7162344e+07
91590689,8.7211e+07
89649420,9.0158024e+07
87752373,8.870557e+07
88123968,8.7423304e+07
93007531,8.982475e+07
646500604,6.111903e+08
629065725,6.187851e+08
632875898,6.001988e+08
621955679,6.275795e+08
628041476,6.437884e+08
637532932,6.316204e+08
645108904,6.1671654e+08
659433678,6.172992e+08
689853278,6.4209254e+08
690201657,6.203623e+08
690230810,6.3868077e+08
689715126,6.221027e+08
705833672,6.386365e+08
700061265,6.085132e+08
708494982,6.2335885e+08
700335011,6.236179e+08
691133574,6.23352e+08
702046035,6.875836e+08
715244615,6.882619e+08
699768170,6.882619e+08
717341218,6.881486e+08
729620556,6.895514e+08
697035016,6.90578e+08
697115836,6.894484e+08
707407753,6.89236e+08
711378458,6.89236e+08
735338902,6.817638e+08
681830724,6.8634e+08
705424400,6.8165984e+08
707109542,6.810814e+08
711378170,6.810814e+08
716789624,6.791497e+08
706877466,6.791497e+08
725848244,6.8348397e+08
782741440,6.7269805e+08
681125304,6.564089e+08
667077992,6.5508026e+08
670728453,6.553898e+08
755860884,6.599281e+08
693030079,7.674112e+08
688756403,7.674112e+08
700430110,7.657188e+08
687631033,7.657188e+08
693609731,7.643222e+08
699055504,7.56685e+08
673068718,7.744766e+08
714995053,7.7162976e+08
627978196,7.5210675e+08
672178981,7.429591e+08
686888529,7.5191885e+08
710659033,7.596791e+08
705162943,7.596791e+08
684937806,6.7684646e+08
681025299,6.681328e+08
682750237,6.830238e+08
669250018,6.759215e+08
674965745,6.759215e+08
697150558,6.856555e+08
705981954,6.858679e+08
713110008,6.8266323e+08
742464646,6.8274694e+08
771680293,6.829935e+08
831072061,7.0950835e+08
789712001,7.0042266e+08
744549564,6.8472736e+08
758696512,6.7900243e+08
743252354,6.8145446e+08
733380086,6.793118e+08
732692298,6.793118e+08
740510455,6.8262515e+08
756307225,6.881486e+08
328585374,3.536405e+08
329252569,3.1824778e+08
347151523,3.2218426e+08
327200418,3.2707235e+08
336182789,3.3908928e+08
337213215,3.3019373e+08
333802365,3.5268118e+08
328715272,3.5242474e+08
352766123,3.6388115e+08
358685339,3.9391722e+08
360956610,3.9604454e+08
359985779,3.6731635e+08
364039433,3.6457744e+08
363376987,3.9184598e+08
364285113,3.6496202e+08
374126940,3.5406886e+08
367838163,3.5746186e+08
386374893,4.0628854e+08
385078069,4.0628854e+08
383504531,4.0628854e+08
410982915,4.0123958e+08
401053272,4.076287e+08
381414563,4.094101e+08
381382227,4.1299712e+08
402468013,4.1363942e+08
395036685,4.1935507e+08
402606623,4.1497354e+08
383730360,4.187312e+08
390307593,4.056375e+08
388923198,4.1135312e+08
403928382,4.0589654e+08
406489668,4.12737e+08
411516993,4.12737e+08
397965157,4.12737e+08
402234122,4.1135312e+08
407907755,3.9999654e+08
394161387,4.0122346e+08
391431161,4.0844317e+08
395074477,4.082121e+08
400501219,4.099221e+08
376048076,4.037508e+08
376757118,4.0527523e+08
368951982,4.08007e+08
363390718,3.9391805e+08
361574736,3.9194678e+08
360856331,3.9265946e+08
373185740,3.967675e+08
358143174,3.960072e+08
350833583,3.9844538e+08
353241000,3.981746e+08
373390982,3.9705718e+08
379725854,4.021342e+08
346758544,4.0851814e+08
346855322,3.9501376e+08
359865759,3.942535e+08
342184672,3.9709984e+08
347824435,3.8359546e+08
350918544,4.001087e+08
357158483,4.0346486e+08
352448462,4.0346486e+08
369505222,4.032102e+08
379897876,4.144131e+08
405494386,4.1267834e+08
386918415,4.1947693e+08
374538068,4.0511434e+08
387840198,3.982892e+08
367936367,4.096766e+08
382272127,4.0840102e+08
387642648,4.0840102e+08
395601559,4.0728406e+08
404105159,4.183723e+08
274788693,2.7169245e+08
272958611,2.6392922e+08
282114331,2.6950934e+08
270482373,2.7138787e+08
278716822,2.6461942e+08
275702914,2.6838189e+08
276682043,2.6648467e+08
268026848,2.6777034e+08
283594386,2.6871053e+08
291370429,2.6804858e+08
292041460,2.6898998e+08
285403066,2.73853e+08
284209193,2.73853e+08
298511323,2.7237978e+08
300737051,2.7418294e+08
306965125,2.813017e+08
289583066,2.8218525e+08
304066449,2.9092355e+08
307796462,3.0853642e+08
323031481,3.2689632e+08
320361780,3.299795e+08
323720624,3.3123808e+08
326723707,3.332371e+08
329303480,3.668244e+08
332607271,3.6708342e+08
329321501,3.4900643e+08
351403843,3.4892032e+08
325136997,3.8328733e+08
322944142,3.669555e+08
326426322,3.5293888e+08
330043855,3.4892032e+08
331640631,3.5357197e+08
326737720,3.5357197e+08
329101262,3.5347725e+08
331581767,3.532208e+08
329332330,3.541072e+08
320151749,3.5390176e+08
315605854,3.3245837e+08
307020258,3.4797626e+08
312342154,3.359331e+08
311670696,3.4824582e+08
300046468,3.4824582e+08
296777577,3.137379e+08
299171322,3.1389424e+08
297530775,3.1393827e+08
301720764,3.1393827e+08
304754900,3.3134198e+08
297964400,3.0271338e+08
292748360,2.8893677e+08
303436767,2.8893677e+08
314639056,3.3390387e+08
315346157,3.432969e+08
288821985,3.353989e+08
282394916,2.804842e+08
288290274,2.8146403e+08
280675073,2.815481e+08
289687954,2.815481e+08
291522543,2.8226717e+08
304521956,2.803142e+08
287407472,2.9754336e+08
296223461,2.806979e+08
315399969,2.8726435e+08
345355526,3.4733568e+08
324581348,3.7032102e+08
286576558,3.616133e+08
300303597,3.2051453e+08
324769883,3.3649635e+08
320376885,3.5876957e+08
309761429,3.493708e+08
317674936,3.3202653e+08
327722103,3.51765e+08
190740274,1.9518219e+08
190489567,1.847674e+08
200986654,1.847674e+08
190665257,1.9220368e+08
194169760,1.847674e+08
194929081,1.9497549e+08
195285776,1.9575272e+08
191968142,1.9386702e+08
200298365,1.9517523e+08
202181303,1.9671091e+08
205372538,2.0318454e+08
205327214,2.0351411e+08
201956399,2.0346459e+08
206089832,2.0307786e+08
208023752,2.0508022e+08
215450721,2.0417211e+08
205818236,2.0612885e+08
212444441,2.1029133e+08
213902089,2.1053776e+08
222954021,2.1984877e+08
231422188,2.2533758e+08
231492773,2.3254235e+08
223844828,2.3646024e+08
224741381,2.2775389e+08
232822647,2.2648507e+08
231333341,2.3349162e+08
245802193,2.3275701e+08
225822175,2.4246466e+08
226763655,2.3259872e+08
230490077,2.3167538e+08
228600502,2.3282205e+08
233222693,2.2914208e+08
231687005,2.3101162e+08
232468230,2.3009674e+08
233265352,2.3009674e+08
231355927,2.2796538e+08
225562302,2.283986e+08
226801841,2.2490696e+08
220893361,2.2396576e+08
219252982,2.1773747e+08
216869531,2.1709222e+08
213503257,2.1426333e+08
209982292,2.1367322e+08
208293556,2.0780704e+08
207047247,2.1002477e+08
212211042,2.0964282e+08
214986854,2.0989344e+08
213289682,2.1227674e+08
200675535,2.0690227e+08
209083531,2.0378374e+08
218718280,2.1060912e+08
229211987,2.18021e+08
198002149,2.1487597e+08
196394618,2.0302805e+08
204160488,2.0288e+08
202091664,2.0647226e+08
201375177,2.0732986e+08
206145477,2.0904728e+08
210189134,2.0809093e+08
207748355,2.0674515e+08
210958999,2.0909416e+08
218242635,2.1337587e+08
233961027,2.2506037e+08
231016339,2.214472e+08
207930971,2.2229166e+08
209455408,2.1191846e+08
223116175,2.1453378e+08
225317024,2.2088466e+08
224558086,2.2075373e+08
227926725,2.2201845e+08
232091906,2.3407853e+08
95784306,1.0015214e+08
97403752,9.704114e+07
99577445,9.670781e+07
97405833,9.7656536e+07
98044270,9.58596e+07
98650651,9.767065e+07
99808344,9.918951e+07
99853709,9.895363e+07
102026030,9.895363e+07
106337264,1.0103722e+08
106060560,1.0319641e+08
107590345,1.0347662e+08
105383641,1.04876936e+08
111445944,1.03598376e+08
111233416,1.0675741e+08
114022027,1.0740002e+08
107798902,1.07561016e+08
114451834,1.1285203e+08
113497323,1.14321736e+08
120045447,1.15406856e+08
116091521,1.18346456e+08
116918119,1.1760695e+08
122942227,1.2082674e+08
123855971,1.2113133e+08
121225511,1.2211231e+08
123142814,1.2214689e+08
127666471,1.22428936e+08
118292839,1.23715064e+08
120250571,1.228678e+08
121581654,1.2231882e+08
118833542,1.2231882e+08
121017679,1.2115163e+08
118799397,1.2082441e+08
117909148,1.19382744e+08
116479097,1.19093704e+08
118474984,1.1543364e+08
114040881,1.1542483e+08
114396176,1.13088904e+08
111609040,1.1196384e+08
112398449,1.1132262e+08
113810898,1.1185607e+08
110027794,1.1182589e+08
109087987,1.09655576e+08
107437128,1.0892744e+08
108982306,1.076295e+08
108897484,1.092323e+08
111104860,1.08964056e+08
106727485,1.0755548e+08
107410636,1.0613531e+08
109326075,1.0613409e+08
113552627,1.0980484e+08
109408805,1.1103257e+08
103388682,1.0803332e+08
102855771,1.0390011e+08
104857393,1.0390011e+08
102454897,1.05708744e+08
103796979,1.043549e+08
107185445,1.0515592e+08
111245455,1.0731009e+08
105959999,1.0955574e+08
106334891,1.0712741e+08
114188857,1.1044927e+08
118082890,1.1679781e+08
115425746,1.1881144e+08
107398798,1.150858e+08
114064233,1.11198584e+08
118362929,1.1347414e+08
117667202,1.16087144e+08
116093179,1.1555802e+08
120826306,1.1507046e+08
123791461,1.22076136e+08
79504173,8.118232e+07
76822109,7.940269e+07
78883181,7.940269e+07
75806888,7.940076e+07
78220590,7.910338e+07
78785428,7.8566264e+07
79062421,7.84317e+07
75767595,7.84317e+07
80457892,7.848387e+07
83339037,7.9827016e+07
81663312,8.1786024e+07
83082913,8.182577e+07
82019286,8.229829e+07
86725019,8.2427144e+07
86064766,8.297599e+07
87097621,8.469311e+07
83057568,8.469311e+07
86997853,8.622099e+07
86153843,8.797539e+07
90747539,8.797539e+07
87205384,9.079172e+07
88373730,8.797539e+07
90128642,8.958786e+07
92872869,9.0122344e+07
95907245,9.290065e+07
92862803,9.412993e+07
97005014,9.32151e+07
92985889,9.378324e+07
92242837,9.409026e+07
91465019,9.3101336e+07
90742378,9.3101336e+07
93112554,9.1653224e+07
92208149,9.251151e+07
88534643,9.0470056e+07
89760228,8.848311e+07
93015446,8.820631e+07
90032274,9.051706e+07
89581306,8.8095544e+07
87433217,8.7872056e+07
87253392,8.776457e+07
88764637,8.693518e+07
85774103,8.706617e+07
84007160,8.623678e+07
83002733,8.385042e+07
84389780,8.40363e+07
83975554,8.40363e+07
85163591,8.373874e+07
86453163,8.388458e+07
82078819,8.576658e+07
84610185,8.423422e+07
87682837,8.4519784e+07
91741790,8.6924424e+07
82286821,8.833844e+07
80180821,8.412591e+07
81402484,8.4221336e+07
79711319,8.457355e+07
82211005,8.280217e+07
82693189,8.411569e+07
85796601,8.363897e+07
82138038,8.517133e+07
84463677,8.349784e+07
90385105,8.63197e+07
93010721,9.1241096e+07
92039959,9.1887416e+07
84923537,9.198082e+07
88919304,8.636829e+07
94272251,8.789086e+07
92228322,9.099665e+07
91618567,9.013836e+07
93432681,9.013836e+07
94692553,9.351847e+07
150002540,1.5270125e+08
150103193,1.492198e+08
156262856,1.491633e+08
144556709,1.5298158e+08
147313253,1.5315845e+08
153560694,1.5149494e+08
152843859,1.5297758e+08
145625624,1.5411266e+08
156479216,1.5289142e+08
160721353,1.5552642e+08
161981216,1.564415e+08
163477369,1.600832e+08
164099533,1.6431626e+08
166881514,1.6260206e+08
167126414,1.6188566e+08
169953128,1.6561696e+08
164162639,1.6561696e+08
171664151,1.7190398e+08
170241063,1.7406914e+08
172918709,1.7406914e+08
180195378,1.7470827e+08
175426519,1.7958285e+08
175125576,1.7915237e+08
173551981,1.7893827e+08
181679225,1.7856525e+08
178023500,1.8035917e+08
188779241,1.7799749e+08
177231551,1.805023e+08
176803762,1.7658403e+08
175521543,1.7658403e+08
176939927,1.7658403e+08
182657159,1.7583819e+08
182433637,1.7978512e+08
178715627,1.7878925e+08
180785746,1.774077e+08
183658226,1.7804771e+08
177213325,1.7908395e+08
176248303,1.7663426e+08
175430228,1.7550272e+08
176005999,1.756957e+08
169675964,1.7477746e+08
169028833,1.6972762e+08
164783227,1.6972762e+08
161908388,1.664542e+08
163543172,1.6181642e+08
164839821,1.6641568e+08
165319823,1.6581002e+08
163202264,1.661838e+08
156960935,1.6227104e+08
159951955,1.5926083e+08
167654027,1.5919552e+08
171908926,1.6845638e+08
154450235,1.6603064e+08
155431103,1.5918109e+08
159888962,1.5966618e+08
151381165,1.6153448e+08
152849459,1.623578e+08
159539414,1.6316618e+08
161038287,1.5911586e+08
162073335,1.6137152e+08
163522695,1.6199634e+08
172605245,1.677352e+08
182420654,1.7623221e+08
176332061,1.816169e+08
163351236,1.7829462e+08
169379033,1.6840312e+08
173760111,1.6744512e+08
174619209,1.7507603e+08
175063639,1.7456096e+08
177480411,1.7425069e+08
182477460,1.8204878e+08
148960742,1.5661002e+08
155342817,1.5110002e+08
156687248,1.564364e+08
149990486,1.5312526e+08
149359134,1.5082064e+08
157396925,1.5151662e+08
157276015,1.5408766e+08
148218415,1.5413968e+08
166316041,1.5379389e+08
167521896,1.6509285e+08
165907039,1.6754475e+08
167508573,1.658948e+08
164240358,1.6622002e+08
171748523,1.6732382e+08
174670882,1.7039515e+08
169258764,1.7307523e+08
166594559,1.6736093e+08
174211278,1.7257746e+08
180020154,1.7852117e+08
181429033,1.818968e+08
178706788,1.8131827e+08
179804432,1.8147027e+08
179757689,1.807712e+08
186536877,1.8082362e+08
187019146,1.8305738e+08
179657907,1.838005e+08
186831003,1.8272688e+08
185262751,1.8481246e+08
175186925,1.8486448e+08
179277668,1.8121726e+08
181707227,1.8242266e+08
190762050,1.8198808e+08
190112553,1.8427603e+08
183999611,1.8354744e+08
189354774,1.8332485e+08
184547199,1.848022e+08
187018948,1.8547429e+08
179685597,1.8615424e+08
185329803,1.8428762e+08
186352065,1.842308e+08
190158068,1.8619816e+08
183986892,1.873336e+08
175022139,1.8206512e+08
171403891,1.7511309e+08
174802411,1.7377587e+08
172481938,1.759946e+08
173115456,1.7269858e+08
162599691,1.7198542e+08
165763269,1.6402962e+08
171279354,1.6905418e+08
171487542,1.7148304e+08
168922814,1.7148304e+08
154640918,1.6621347e+08
161935636,1.6248606e+08
163716219,1.6340331e+08
156680224,1.6516482e+08
155106852,1.6006395e+08
164619111,1.6149488e+08
171534051,1.656103e+08
165177666,1.6816437e+08
172155748,1.6905294e+08
180681856,1.7710744e+08
198036327,1.8318616e+08
184514764,1.9123912e+08
169522981,1.8345781e+08
176985211,1.7679414e+08
181956635,1.7723088e+08
173702708,1.7936264e+08
177272792,1.7747874e+08
181174167,1.7419517e+08
193168731,1.8410662e+08
40280283,4.0619524e+07
39650663,4.0283816e+07
43350787,4.064645e+07
39822332,4.229405e+07
41230769,4.064645e+07
40438798,4.0733372e+07
41681664,4.0760296e+07
41618979,4.112293e+07
41625884,4.1061744e+07
42524511,4.1289304e+07
42707838,4.175616e+07
42695172,4.2936904e+07
42142863,4.290998e+07
42883243,4.093104e+07
42469419,4.2111784e+07
45834936,4.1810108e+07
41993771,4.4593904e+07
44706505,4.3452908e+07
46270969,4.5046884e+07
49489860,4.811839e+07
49955615,4.8490256e+07
50620252,4.898097e+07
50254515,4.961666e+07
52791108,5.0894508e+07
53278673,5.3054932e+07
53405147,5.3697016e+07
60165439,5.543702e+07
54669440,5.8235864e+07
57223096,5.5709856e+07
56848076,5.7845092e+07
56910943,5.794719e+07
56130667,5.66278e+07
55607960,5.647556e+07
54262439,5.569468e+07
52309755,5.367671e+07
50340572,5.180055e+07
48100551,5.1737364e+07
49097846,5.1449456e+07
46571182,5.067959e+07
45716879,4.8964524e+07
46496664,4.8634444e+07
46908089,4.647306e+07
44300277,4.5949012e+07
43331366,4.3683652e+07
43840591,4.3624868e+07
44716273,4.3417016e+07
44409591,4.3417016e+07
43874865,4.335583e+07
42473739,4.3947324e+07
44077650,4.2912696e+07
46588231,4.415463e+07
47018806,4.657556e+07
42599536,4.614326e+07
42122441,4.2881796e+07
44353321,4.2881796e+07
43405432,4.4062548e+07
43975211,4.4062548e+07
42648132,4.4358024e+07
46050376,4.4105004e+07
45523131,4.6525932e+07
44869121,4.6464748e+07
46290151,4.4332564e+07
48906544,4.75944e+07
48532857,4.7773124e+07
44174255,4.7214364e+07
44473895,4.4296324e+07
45983215,4.425986e+07
48286698,4.6698304e+07
45977852,4.655218e+07
47178282,4.6048292e+07
49205689,4.7878468e+07
141611466,1.489536e+08
143613037,1.4163498e+08
147214262,1.457639e+08
141914537,1.4726608e+08
144339585,1.4324354e+08
141116007,1.439967e+08
144626242,1.4201595e+08
141913018,1.4310282e+08
145837844,1.4159517e+08
146518927,1.4594557e+08
150915471,1.4594368e+08
150518690,1.4594368e+08
151339044,1.4774328e+08
151946477,1.48987e+08
153379324,1.5067453e+08
159304621,1.5067453e+08
154619703,1.517846e+08
156961460,1.559676e+08
155643664,1.5645246e+08
159139094,1.6028939e+08
171654882,1.6308198e+08
166991883,1.697174e+08
167237091,1.6693283e+08
165507600,1.6595096e+08
169788282,1.7013072e+08
169627955,1.7106501e+08
175871844,1.6855504e+08
167386564,1.7383702e+08
173216759,1.6872806e+08
172047281,1.7383702e+08
168398689,1.7115694e+08
168221663,1.681903e+08
170001105,1.681903e+08
167354557,1.6804654e+08
169874500,1.6804654e+08
170224235,1.6703579e+08
165517969,1.6946466e+08
165694956,1.6744142e+08
164059545,1.6753976e+08
160004007,1.6567698e+08
156839384,1.6172654e+08
157264032,1.5734914e+08
154739355,1.5785365e+08
151763864,1.5708443e+08
152058115,1.5549587e+08
155282600,1.5196597e+08
156895972,1.5215909e+08
161803868,1.5569099e+08
143324166,1.5419234e+08
152772242,1.570235e+08
159337882,1.5578501e+08
166936861,1.6278773e+08
150104016,1.624266e+08
149468285,1.5520397e+08
152126380,1.5558842e+08
147502187,1.5687739e+08
147866864,1.5503422e+08
146919673,1.5709291e+08
152386026,1.5068922e+08
152990036,1.5242554e+08
154630462,1.53418e+08
158093685,1.5587898e+08
174669998,1.6470357e+08
171998766,1.755357e+08
156952581,1.7252798e+08
156180976,1.6252744e+08
161274665,1.6289963e+08
166631665,1.6289832e+08
163795397,1.6710778e+08
160364863,1.6113755e+08
160481700,1.6204107e+08
153065563,1.61727e+08
158862331,1.5845013e+08
164439406,1.5915776e+08
153540342,1.6301552e+08
161443006,1.5860035e+08
158406497,1.6119754e+08
159118510,1.6028597e+08
154232600,1.6117824e+08
157138186,1.6038432e+08
163066212,1.615559e+08
163037760,1.6437066e+08
163395006,1.6437066e+08
162460276,1.6378682e+08
167967264,1.587282e+08
170005396,1.6613382e+08
172565019,1.6598096e+08
158701796,1.6885605e+08
167023123,1.6720493e+08
176540605,1.7336982e+08
177877294,1.77442e+08
189028816,1.8430368e+08
185048236,1.8775347e+08
186095043,1.874606e+08
193394268,1.8915355e+08
188196405,1.9332222e+08
187493717,1.9084688e+08
204951138,1.8973554e+08
193110485,1.9711738e+08
193560295,1.9386165e+08
195271675,1.934889e+08
196278490,1.9441944e+08
202942318,1.9602502e+08
196904701,1.9929982e+08
193340173,1.9657757e+08
188222737,1.9189838e+08
191887582,1.869111e+08
184280870,1.8485986e+08
181562852,1.8048342e+08
175969773,1.786665e+08
173632118,1.7699829e+08
178377597,1.7616771e+08
176001420,1.7619837e+08
171676982,1.7368038e+08
167136325,1.727992e+08
176404236,1.7046198e+08
176252526,1.7523546e+08
176237995,1.7490728e+08
174763674,1.7490728e+08
166677968,1.7643458e+08
177121214,1.7101109e+08
178862351,1.761746e+08
186342066,1.7885194e+08
160477106,1.769602e+08
171797787,1.6630293e+08
171327113,1.7291322e+08
165436773,1.7265323e+08
168952907,1.7036027e+08
166383018,1.7159667e+08
172523686,1.706676e+08
168441552,1.7229808e+08
167491556,1.7051163e+08
178456878,1.7880413e+08
198158712,1.8996266e+08
193309289,1.9180077e+08
171791059,1.8774597e+08
173074201,1.7625893e+08
186152613,1.7572178e+08
186665075,1.8466912e+08
175645878,1.8351469e+08
178048134,1.7720907e+08
189283132,1.8388222e+08
258795361,2.6026434e+08
253295724,2.5778766e+08
267939091,2.573288e+08
260937458,2.6201763e+08
258918927,2.5745883e+08
259324079,2.5925427e+08
259641534,2.5913064e+08
255986594,2.5993656e+08
263844273,2.6144746e+08
267495330,2.5811634e+08
272357558,2.6450418e+08
270874843,2.6330854e+08
271333899,2.6450418e+08
269775009,2.5999147e+08
272790230,2.635624e+08
287040671,2.6716296e+08
275580398,2.6912982e+08
282586895,2.8128374e+08
285495850,2.83501e+08
300641016,2.9002528e+08
314840284,3.0548118e+08
306388135,3.0818874e+08
306853012,3.054542e+08
308788146,3.0021642e+08
320570867,3.2786883e+08
316322911,3.112662e+08
336691120,3.1372403e+08
307970545,3.538172e+08
313980317,3.310078e+08
317499495,3.333623e+08
310660975,3.15377e+08
311504645,3.0953008e+08
312440272,3.333623e+08
314265560,3.1528227e+08
315632708,3.148821e+08
304680805,3.1645098e+08
294312537,3.050695e+08
294166542,2.945029e+08
288160495,3.1233824e+08
282399899,2.932718e+08
286499168,2.8781805e+08
279710141,2.8100992e+08
278567340,2.8100813e+08
278843205,2.8100813e+08
271352831,2.7845942e+08
278438333,2.7560166e+08
281746513,2.7901763e+08
283287869,2.793838e+08
267733289,2.823189e+08
274538192,2.775881e+08
289247309,2.7951142e+08
306638295,2.9665648e+08
265936218,2.924121e+08
260463422,2.699021e+08
271479464,2.6586749e+08
267805472,2.7258694e+08
268217254,2.714611e+08
269131633,2.741468e+08
277413870,2.615459e+08
271158933,2.6458134e+08
278286361,2.7295814e+08
285143962,2.8029594e+08
307906237,2.8393603e+08
298998448,3.0794515e+08
274857748,2.9080058e+08
270892077,2.7699072e+08
289077747,2.779528e+08
294447762,2.8102717e+08
290478740,2.8102717e+08
293332903,2.7781955e+08
302279586,2.880406e+08
136647628,1.390427e+08
136449092,1.390427e+08
138917297,1.3898186e+08
137356428,1.3898186e+08
137044187,1.390427e+08
136857025,1.3738365e+08
137682763,1.3486544e+08
137238387,1.3486544e+08
137778767,1.3486544e+08
143332612,1.3811346e+08
139805622,1.3920032e+08
143171252,1.3966997e+08
140142116,1.395926e+08
146116218,1.3833752e+08
143712011,1.4345861e+08
154502102,1.421943e+08
143095708,1.4582446e+08
149729277,1.4723656e+08
156582183,1.5222608e+08
161717721,1.6121198e+08
163927826,1.624353e+08
164135791,1.6620432e+08
168279111,1.6923333e+08
173059131,1.6853566e+08
169844069,1.7248989e+08
170761157,1.7098546e+08
177884742,1.7103594e+08
160262968,1.7511835e+08
168999832,1.6289733e+08
167503484,1.6804506e+08
165469005,1.6787203e+08
164476856,1.6804923e+08
162917111,1.6826949e+08
161040274,1.6528277e+08
157247429,1.6282909e+08
158827611,1.5773506e+08
152012109,1.5732314e+08
155422657,1.5667115e+08
150349561,1.548898e+08
147925689,1.5054694e+08
149476006,1.4926376e+08
148281618,1.491109e+08
146004889,1.4917504e+08
145187253,1.491109e+08
147112423,1.453639e+08
145251407,1.4605546e+08
148888193,1.453413e+08
149075120,1.4605546e+08
141815147,1.4670402e+08
147925775,1.4470773e+08
155565500,1.5179109e+08
158967123,1.5613914e+08
142235161,1.5430915e+08
139611641,1.5847648e+08
146028384,1.501717e+08
142633406,1.5221643e+08
143647987,1.5002272e+08
142903528,1.4760378e+08
149857578,1.4477685e+08
144808511,1.4711987e+08
145381583,1.452221e+08
150408045,1.468671e+08
159753821,1.5352771e+08
160661473,1.5991235e+08
148335593,1.579049e+08
145671349,1.5408992e+08
158004187,1.5242778e+08
156591378,1.5392614e+08
153923321,1.5361706e+08
160640376,1.5332749e+08
168499755,1.6507146e+08
110968258,9.724043e+07
112145741,1.0995466e+08
113551277,1.1457313e+08
109174948,1.147225e+08
109188689,1.2386802e+08
113290910,1.1372318e+08
113033145,1.1182083e+08
106562405,1.1047657e+08
120831667,1.0895823e+08
123696413,1.15684376e+08
121263063,1.1592195e+08
122723018,1.1707599e+08
119940036,1.17104936e+08
122095739,1.1735718e+08
125207942,1.1840895e+08
122894624,1.1983378e+08
119312727,1.1909305e+08
126600178,1.2520728e+08
128793331,1.2621593e+08
127925111,1.2664726e+08
132576708,1.2721758e+08
129924948,1.2945395e+08
128096228,1.2880056e+08
129274780,1.3114954e+08
135929880,1.3074352e+08
131695553,1.3382177e+08
136207450,1.3117348e+08
130807997,1.333006e+08
128249542,1.3117348e+08
130097352,1.3022233e+08
135051986,1.3228096e+08
137049614,1.3407071e+08
136515381,1.3407071e+08
132428742,1.3407071e+08
131486639,1.3194359e+08
138658756,1.30881464e+08
133104584,1.3343714e+08
129734298,1.3040456e+08
130304299,1.28717896e+08
129796112,1.28378984e+08
130359054,1.2815524e+08
128427931,1.28091096e+08
122593677,1.27535656e+08
119071387,1.23071256e+08
124153469,1.23152376e+08
122102914,1.2130346e+08
122286981,1.213467e+08
121026307,1.2141085e+08
115121332,1.20453304e+08
117254143,1.1672475e+08
120542508,1.187325e+08
124193300,1.19261624e+08
112027974,1.1935317e+08
112685742,1.1578973e+08
113277510,1.1562451e+08
111098227,1.1636289e+08
110578234,1.1489318e+08
114310973,1.1634617e+08
116622414,1.1400247e+08
114050480,1.1472553e+08
119099292,1.1499319e+08
125689687,1.2323128e+08
129739899,1.23545416e+08
127423751,1.27039256e+08
119034341,1.2732396e+08
126251456,1.2487558e+08
122958103,1.2466748e+08
120893701,1.2391415e+08
122557413,1.2344652e+08
126906993,1.2344652e+08
132113210,1.2891735e+08
167821565,1.7276496e+08
165807188,1.6953171e+08
172225850,1.689807e+08
162857014,1.7329493e+08
167447990,1.6849848e+08
166723310,1.70912e+08
167496591,1.6937408e+08
162813988,1.7036654e+08
173793170,1.6929667e+08
178493196,1.7628518e+08
177612595,1.7596813e+08
183364030,1.7910966e+08
179106584,1.7890893e+08
185211544,1.7619834e+08
186091612,1.8001402e+08
189193622,1.8306373e+08
183150735,1.8380685e+08
188196566,1.8788533e+08
185103534,1.8962883e+08
197212779,1.9139866e+08
196122619,1.9868765e+08
195011378,1.985447e+08
196704224,1.9857808e+08
201898217,2.003982e+08
210417357,2.0536803e+08
204501850,2.0705526e+08
213912739,2.0538645e+08
204171407,2.0762226e+08
205623643,2.0636872e+08
207379215,2.0832514e+08
201243589,2.0819624e+08
203997668,2.0341728e+08
204559437,2.0491659e+08
200875693,2.0336973e+08
201905038,2.0002904e+08
202748924,2.0269222e+08
198281452,2.017294e+08
201210603,2.0067656e+08
195111725,1.9988453e+08
194612892,1.9859882e+08
193244618,1.9488981e+08
189430520,1.9151392e+08
187022860,1.8580027e+08
181175335,1.8509883e+08
184611895,1.8361854e+08
187165803,1.855864e+08
188697809,1.8724467e+08
188064707,1.8730882e+08
180518294,1.8789723e+08
185716437,1.8343333e+08
193565613,1.8822584e+08
199608824,1.9250587e+08
178578679,1.9254395e+08
173449012,1.8479373e+08
177948396,1.8059794e+08
173196841,1.8143018e+08
176567192,1.7798589e+08
176332684,1.7872723e+08
184335242,1.7738515e+08
180401173,1.7962691e+08
183563538,1.8248742e+08
193981128,1.8625571e+08
199928913,2.06691e+08
203569236,2.004513e+08
184675888,2.0226021e+08
193109594,1.8743083e+08
200406578,1.9166587e+08
200965982,1.9533334e+08
200625507,1.9758395e+08
203869438,1.9448658e+08
206321093,2.0449189e+08
52721053,6.3276348e+07
52843541,5.890482e+07
53150979,5.8416004e+07
51763722,5.557558e+07
52701276,5.2520056e+07
54027199,5.233064e+07
53101321,5.394013e+07
52975864,5.376371e+07
53752358,5.376371e+07
57269771,5.399127e+07
56276418,5.7105184e+07
56673575,5.7442996e+07
55527165,5.7239376e+07
59837590,5.6125424e+07
58445989,5.6936268e+07
60373972,5.738118e+07
57413627,5.7928016e+07
60761867,5.8969812e+07
59652654,5.934023e+07
62192915,5.9813096e+07
62018499,6.0441612e+07
61734864,6.0441612e+07
64149691,6.0646252e+07
63555288,6.338442e+07
64947062,6.3754876e+07
64803843,6.492881e+07
68693042,6.508977e+07
63630442,6.664751e+07
63405634,6.508977e+07
62820540,6.54249e+07
62361079,6.4310372e+07
64972563,6.3221716e+07
63717536,6.433624e+07
62001822,6.414972e+07
62691105,6.181006e+07
63642685,6.210291e+07
62012249,6.2158308e+07
61544262,6.104378e+07
59888531,6.0976604e+07
59902191,5.962395e+07
60631555,5.962395e+07
58606007,5.871295e+07
58055609,5.871295e+07
56993638,5.82343e+07
58864878,5.6963204e+07
57836379,5.7333624e+07
59455635,5.6963204e+07
57463118,5.7333624e+07
56644525,5.7477908e+07
58180609,5.7477908e+07
60849963,5.7477908e+07
61161806,5.784833e+07
54783969,5.827999e+07
55025910,5.4955268e+07
56199887,5.4955268e+07
54665878,5.8082244e+07
56352510,5.5047696e+07
57387680,5.787843e+07
59413146,5.715794e+07
56849362,5.752836e+07
57354969,5.715794e+07
62690153,5.9111772e+07
63087624,6.1151564e+07
61751231,6.1151564e+07
58216656,6.108672e+07
61436801,5.9474424e+07
65159258,6.1034304e+07
63190843,6.3101356e+07
63119163,6.176715e+07
64836582,6.1761256e+07
66219089,6.4648216e+07
87627145,8.435529e+07
86588437,8.6627384e+07
87498306,8.589125e+07
85908588,8.672063e+07
84537714,8.5798e+07
86356797,8.522712e+07
88624513,8.675947e+07
86424096,8.7588856e+07
89601702,8.675947e+07
92054046,8.9624616e+07
91322776,9.107707e+07
94353742,9.154463e+07
95719422,9.266347e+07
100330711,9.369272e+07
100096904,9.720484e+07
99486368,9.807175e+07
97881485,9.737759e+07
100373381,1.0008257e+08
102374030,1.0189227e+08
102195108,1.0211697e+08
102231901,1.0247748e+08
104453182,1.0391537e+08
107451031,1.0481621e+08
108401002,1.0684313e+08
107987659,1.0945494e+08
104905199,1.0997384e+08
113337636,1.0646398e+08
110690505,1.1028382e+08
111229610,1.11404984e+08
107725767,1.10777464e+08
105182079,1.0701657e+08
109684428,1.0503384e+08
111445680,1.0927087e+08
107279199,1.07765384e+08
108306289,1.0536236e+08
110622906,1.0702137e+08
107655422,1.069607e+08
102953859,1.0409394e+08
100958965,1.0153257e+08
100964519,1.0205836e+08
102194629,1.0202381e+08
100996830,1.022529e+08
99022283,1.0049435e+08
95957195,9.89228e+07
97736557,9.6562376e+07
97492295,9.706568e+07
96374656,9.6562376e+07
91839129,9.601e+07
91020179,9.415819e+07
93177556,9.329978e+07
93810022,9.415806e+07
94688707,9.474075e+07
90694672,9.320155e+07
90884399,9.1016664e+07
91963891,9.1016664e+07
90952640,9.083342e+07
90204647,9.0145336e+07
92129655,9.2076216e+07
96722302,9.329728e+07
94316073,9.500392e+07
93720961,9.397233e+07
100941906,9.645255e+07
108721285,1.0427039e+08
103271404,1.0765921e+08
93906382,1.03931304e+08
98266678,9.835509e+07
102562118,1.0018891e+08
101828070,1.0329641e+08
101025635,1.01768e+08
107343566,1.0153492e+08
109269132,1.0782944e+08
48781954,4.8003596e+07
48107986,4.791869e+07
50778008,4.7975504e+07
47083638,4.8214844e+07
49473197,4.7926932e+07
48683932,4.895203e+07
49266745,4.8623796e+07
48294873,4.8994256e+07
48623462,4.8994256e+07
49865291,4.9221816e+07
50181120,4.950973e+07
50241876,4.950973e+07
50208272,4.9196084e+07
51722980,4.9240656e+07
51170028,4.9664344e+07
54171549,5.0267576e+07
50093975,5.216656e+07
52010264,5.197118e+07
55148843,5.3475104e+07
56179144,5.5290864e+07
60562858,5.8897224e+07
59898217,5.92936e+07
58539377,5.974568e+07
61071034,6.041624e+07
60192376,5.980938e+07
60473076,6.026619e+07
66414080,6.0477028e+07
60496429,6.234359e+07
61159798,6.1442964e+07
61319367,6.172285e+07
61426229,6.172285e+07
62601373,6.1840076e+07
61682529,6.187654e+07
60013247,6.0714508e+07
58858242,5.929561e+07
57734114,5.854791e+07
55077631,5.8147412e+07
54738525,5.4141784e+07
53724331,5.417825e+07
53158297,5.3852492e+07
54403686,5.3401244e+07
53561160,5.333014e+07
52365557,5.30573e+07
51488264,5.1582004e+07
52322433,5.1344196e+07
52772276,5.1767884e+07
52552324,5.1767884e+07
52622465,5.1767884e+07
49931625,5.2282588e+07
52725450,5.18589e+07
54150225,5.2306908e+07
57231236,5.4169452e+07
50635755,5.6515604e+07
50573660,5.184342e+07
51751831,5.184342e+07
50802224,5.2226364e+07
51809478,5.191155e+07
50355820,5.2875348e+07
53417136,5.1488988e+07
51575358,5.325378e+07
51669988,5.1354796e+07
53338540,5.2006044e+07
58632571,5.5142292e+07
57543103,5.850648e+07
52159634,5.8105144e+07
52166467,5.307576e+07
56189608,5.3226692e+07
55834718,5.7336824e+07
54460243,5.651372e+07
55296067,5.408954e+07
59336660,5.6084384e+07
58452376,6.066239e+07
60024763,5.8984652e+07
61749483,5.8765404e+07
60744230,6.037555e+07
60361173,5.8765404e+07
61032853,5.9583492e+07
62378977,6.0115852e+07
60394925,6.0079388e+07
62810971,6.0624812e+07
66017498,6.2786564e+07
64699095,6.412077e+07
66565669,6.5581056e+07
65262782,6.5542356e+07
68359811,6.4827596e+07
69547316,6.687148e+07
70598094,6.997847e+07
67452372,7.001728e+07
68515536,6.919319e+07
71471274,6.9343144e+07
73606498,7.1649896e+07
72435035,7.2568184e+07
70972870,7.179985e+07
72200112,7.1772824e+07
76599555,7.393346e+07
77783194,7.604803e+07
73187434,7.604803e+07
75155138,7.536227e+07
74360320,7.570896e+07
77655782,7.5833704e+07
74746797,7.609689e+07
72120689,7.618039e+07
75824336,7.388719e+07
77964361,7.5002216e+07
74119632,7.5002216e+07
72488257,7.465553e+07
74102330,7.2893864e+07
72981593,7.267393e+07
72357988,7.190559e+07
71436619,7.190559e+07
70959076,7.137148e+07
70765027,7.126543e+07
69638194,7.137148e+07
67549880,6.941672e+07
66018212,6.7349176e+07
66563754,6.6077876e+07
67992393,6.6077876e+07
70157412,6.739838e+07
65043938,6.966157e+07
64130870,6.682832e+07
67537464,6.6608644e+07
70135624,6.8066376e+07
69624449,7.032956e+07
62124094,7.089264e+07
63821678,6.4668504e+07
65975308,6.55522e+07
65131373,6.584387e+07
64550348,6.5718916e+07
65781090,6.6327828e+07
67950100,6.541692e+07
68032027,6.7606616e+07
66997849,6.7606616e+07
71026573,6.762689e+07
77737212,7.232641e+07
74754103,7.363495e+07
66997769,7.363495e+07
69116707,6.77881e+07
73606502,7.1962536e+07
75076161,7.400794e+07
73888833,7.435462e+07
73958962,7.3498344e+07
79488160,7.6130056e+07
377001512,4.0585587e+08
379375721,3.9991206e+08
391697963,4.0014026e+08
363372584,4.1306928e+08
373188824,4.0851814e+08
378756475,4.064661e+08
381278051,4.0515984e+08
368925238,4.0515984e+08
377390305,4.0515984e+08
390502426,4.0701725e+08
394353051,4.1273286e+08
393035586,4.1273286e+08
394467219,4.1273286e+08
402829224,4.1599776e+08
408505909,4.0990493e+08
415468707,3.9358038e+08
390688799,3.9358038e+08
409395897,4.1109786e+08
423986355,4.228051e+08
432556480,4.1638534e+08
463629758,4.530487e+08
449893992,4.3664646e+08
452815638,4.6412957e+08
463353692,4.7737088e+08
455675393,4.526458e+08
471218054,4.608988e+08
505790145,4.5849696e+08
469314536,4.6433405e+08
472504382,4.7350736e+08
470465101,4.715347e+08
467768087,4.7473286e+08
471705695,4.8419818e+08
471032964,4.8461264e+08
456045797,4.8993677e+08
451314586,4.5991674e+08
454228372,4.5258576e+08
436726667,4.443385e+08
433258418,4.3943347e+08
426238755,4.3943347e+08
420702848,4.2674986e+08
423193051,4.2409245e+08
411644555,4.013487e+08
407301140,4.1256893e+08
404190797,4.1120397e+08
414658873,4.138294e+08
415690861,4.1446717e+08
413445519,4.1240957e+08
426665132,4.1430282e+08
390891171,4.0664845e+08
417981285,4.156347e+08
421615746,4.075897e+08
442906401,4.0552835e+08
398803114,4.2222982e+08
401146602,4.0517802e+08
403348511,4.054345e+08
393187483,4.0279107e+08
394145633,4.054345e+08
398935375,4.1630614e+08
416142348,4.1029795e+08
397662728,4.096923e+08
399007849,4.0831994e+08
426576706,4.1934e+08
462900603,4.2203146e+08
457965797,4.430724e+08
406905861,4.459934e+08
413078348,4.2017987e+08
437785678,4.4100202e+08
438996451,4.932565e+08
422336065,4.738001e+08
427489275,4.1712627e+08
448720270,4.1921824e+08
307769919,2.995978e+08
307415597,2.918544e+08
317739309,2.9628918e+08
303277162,2.9434707e+08
305642940,2.9651658e+08
307446659,2.940847e+08
305513058,2.9720336e+08
304085030,2.9720336e+08
320728629,2.9985334e+08
327412713,2.9770006e+08
327342070,3.1592957e+08
324796946,3.0863955e+08
331119762,3.155248e+08
335983497,3.1964797e+08
345884805,3.2804003e+08
346129560,3.2804003e+08
338935745,3.281828e+08
359106865,3.9618106e+08
354025895,4.0628854e+08
349324173,4.0628854e+08
375923742,3.9915226e+08
377415583,4.0161248e+08
360594346,4.036945e+08
365018163,4.0600448e+08
374160521,4.0722253e+08
372911005,4.0600448e+08
391066707,4.0459418e+08
364210620,4.103098e+08
373161787,4.0459418e+08
375550450,4.0459418e+08
388253576,4.0459418e+08
385628351,4.0459418e+08
383416221,4.0459418e+08
374279033,4.0459418e+08
390886096,4.0460803e+08
387763951,4.0143648e+08
359529906,3.9387226e+08
362873266,3.9767286e+08
364029672,3.9873606e+08
366438629,4.0303206e+08
346157533,3.9320538e+08
348578178,3.8041366e+08
341495602,3.8266266e+08
339188862,3.9149552e+08
336065450,3.8887578e+08
337474742,3.837457e+08
347135355,3.8343763e+08
327820084,3.832631e+08
329838246,3.740212e+08
331479550,3.740212e+08
349522958,3.7246864e+08
344835447,3.835528e+08
329375264,3.6521392e+08
322909955,3.5683338e+08
337781732,3.4281677e+08
319300280,3.65834e+08
324629872,3.451773e+08
324210092,3.6208115e+08
331090097,3.483192e+08
332000464,3.6207936e+08
339919144,3.600568e+08
352498465,3.710597e+08
382671103,4.1240973e+08
362190665,4.1240973e+08
347895365,4.0511434e+08
350781557,3.8447424e+08
359940244,4.009795e+08
360726490,4.092388e+08
364452660,4.069099e+08
368494194,4.0346253e+08
373088425,4.0628854e+08
317556878,3.2012496e+08
317735764,3.128461e+08
333776108,3.1576192e+08
312961229,3.3466525e+08
325142325,3.4692522e+08
323243634,3.1812253e+08
327062388,3.0740557e+08
317667282,3.1672054e+08
336017692,3.1618003e+08
341919690,3.3004573e+08
342923345,3.3353818e+08
342949048,3.3375837e+08
345210331,3.5208915e+08
355092500,3.5914826e+08
354698622,3.6045674e+08
364386081,3.603446e+08
344406839,3.5948566e+08
363505083,3.9278416e+08
362430701,4.0628854e+08
374421962,4.0628854e+08
392819353,4.0123958e+08
389766405,4.0726582e+08
379192217,4.0720528e+08
374709730,4.119538e+08
385777555,4.0600448e+08
393034379,4.0600448e+08
422656741,4.0607283e+08
384253588,4.0725802e+08
384440093,4.0035722e+08
384467292,4.0035722e+08
393398135,4.0249978e+08
398641730,4.082154e+08
388633203,4.082154e+08
386809038,4.1046086e+08
391441092,4.055948e+08
391219461,4.024988e+08
374480054,3.9976547e+08
377247509,3.9426765e+08
366224653,3.9426765e+08
371926158,3.9616704e+08
367820685,3.9775984e+08
361905757,3.951121e+08
351248017,3.951121e+08
351473786,3.9616704e+08
352545430,3.9521494e+08
353850999,3.9521494e+08
364957301,3.967675e+08
348892642,3.967675e+08
338187047,3.8419277e+08
349988156,3.8419277e+08
371400664,3.8656016e+08
373152315,4.0507014e+08
334633506,3.9848192e+08
330617117,3.8512317e+08
340904511,3.7462374e+08
335002264,3.8645152e+08
340561717,3.8636458e+08
343769116,3.9184643e+08
351100217,3.919101e+08
347650674,4.0515805e+08
353624113,3.8970403e+08
370462700,4.085736e+08
396326368,4.093161e+08
378725666,4.150317e+08
350900425,4.06171e+08
359887955,3.982892e+08
373981010,3.9846403e+08
374911718,3.9883693e+08
369690371,3.9883693e+08
381198123,4.03146e+08
385825886,4.1265664e+08
122812646,1.2523251e+08
125894614,1.2341357e+08
130810460,1.2522808e+08
123087658,1.263652e+08
126661785,1.2341357e+08
127526645,1.2580806e+08
133213656,1.2580806e+08
122053638,1.2653266e+08
130023890,1.2380925e+08
137714109,1.2883033e+08
136461942,1.3311074e+08
134978035,1.3305727e+08
132847810,1.3305727e+08
141210550,1.3124095e+08
141755939,1.339479e+08
140765828,1.3629494e+08
133940731,1.33157816e+08
137163267,1.3921389e+08
141285993,1.41865e+08
143855272,1.429186e+08
139771359,1.4400546e+08
135755044,1.429186e+08
142131462,1.4244077e+08
147942449,1.4287011e+08
152890845,1.4951094e+08
147588860,1.5146494e+08
153118813,1.4876976e+08
151769464,1.5023011e+08
152584163,1.5219546e+08
148155011,1.5214344e+08
152306097,1.4995019e+08
157651928,1.5138334e+08
159549607,1.5242774e+08
150724443,1.518439e+08
149157622,1.5020608e+08
156360685,1.481814e+08
153309864,1.5161282e+08
151038592,1.5095773e+08
145687932,1.4858947e+08
144114760,1.4919464e+08
147640275,1.5362421e+08
141443211,1.4898074e+08
134986428,1.420756e+08
132940053,1.4377598e+08
138164354,1.3713582e+08
137896121,1.3985245e+08
135567427,1.3791374e+08
132993117,1.351661e+08
133222494,1.3396666e+08
136075677,1.3396666e+08
137614796,1.3644342e+08
139698733,1.3630246e+08
128027305,1.3500248e+08
135062547,1.3234601e+08
135596807,1.3488296e+08
130499779,1.3431458e+08
131289925,1.3196227e+08
135216389,1.3464333e+08
139263301,1.3699701e+08
135360155,1.361998e+08
135256255,1.3600454e+08
149196561,1.3933434e+08
151437049,1.4790373e+08
145942881,1.4897971e+08
137653757,1.503387e+08
141704836,1.4526322e+08
150712862,1.4526322e+08
147173331,1.4791696e+08
144161747,1.4608344e+08
146135675,1.441956e+08
154636606,1.5035714e+08
99078288,9.9000056e+07
98739520,9.800866e+07
99784455,9.896701e+07
98759328,9.863435e+07
97891572,9.884424e+07
101836177,9.76914e+07
98688555,9.973409e+07
97925864,9.895363e+07
99904233,9.7657416e+07
104964035,1.007539e+08
105051111,1.0298065e+08
105717901,1.0285002e+08
104959456,1.0319641e+08
110649233,1.0391765e+08
108260091,1.0621019e+08
112502886,1.0708922e+08
107413332,1.0879101e+08
112386989,1.0882289e+08
117390519,1.1530124e+08
114214156,1.1711365e+08
112911917,1.1471703e+08
117192390,1.1592015e+08
120036709,1.1849994e+08
120298432,1.1990703e+08
119427324,1.199888e+08
127766543,1.2251328e+08
131648179,1.24028296e+08
125109130,1.27801176e+08
126747931,1.2556651e+08
125456577,1.26380616e+08
131034950,1.2750643e+08
128095152,1.286749e+08
127640454,1.2705393e+08
120792093,1.2681098e+08
122367501,1.23031224e+08
124544284,1.19712264e+08
117844182,1.1890811e+08
111186797,1.1609857e+08
110628293,1.1157196e+08
112015851,1.1198527e+08
112790064,1.1279853e+08
109322610,1.1119788e+08
105871721,1.0898682e+08
105092490,1.0684128e+08
106220543,1.049913e+08
105789953,1.0533769e+08
107960778,1.0533769e+08
103586066,1.0658749e+08
103950593,1.0416107e+08
104626576,1.0523533e+08
110611156,1.0529356e+08
109236205,1.07900904e+08
101850451,1.0715229e+08
103066966,1.02836664e+08
102630801,1.0225166e+08
101274697,1.0239125e+08
101267059,1.02164696e+08
105298610,1.0350855e+08
108981500,1.0458159e+08
105809683,1.09038344e+08
106451748,1.0660851e+08
112224784,1.08430616e+08
117522384,1.16686264e+08
115111039,1.185074e+08
106516210,1.1613356e+08
110131690,1.10237464e+08
118297200,1.1327222e+08
114781669,1.1601103e+08
112632065,1.1347414e+08
120727821,1.1347414e+08
124363371,1.2108767e+08
312074299,3.291458e+08
312566272,3.0687584e+08
333199495,3.0853763e+08
303324800,3.2400944e+08
315496929,3.241233e+08
318740775,3.1044214e+08
318755302,3.0740736e+08
310961557,3.0740736e+08
323065179,3.0740736e+08
325893348,3.0699526e+08
333847258,3.165413e+08
331014707,3.1720208e+08
333173254,3.2396006e+08
341882200,3.1961782e+08
343808866,3.2770397e+08
355710750,3.468005e+08
334455035,3.621127e+08
352640398,3.9278416e+08
354632334,4.0628854e+08
361080994,4.0628854e+08
382457636,4.0061782e+08
373202808,4.0123958e+08
373086334,4.0117904e+08
373881703,4.096249e+08
369264643,4.0600448e+08
376228591,4.059967e+08
400773833,4.0459418e+08
374859760,4.103098e+08
385936571,4.0459418e+08
380559276,4.0459418e+08
379297749,4.0459418e+08
380580838,4.0459418e+08
383793267,4.0459418e+08
376642047,4.0449946e+08
379061294,4.0449946e+08
378016232,3.9870144e+08
363329344,3.9572086e+08
365882492,3.9419293e+08
358012520,3.9426765e+08
358529095,3.951121e+08
356804664,3.951121e+08
352411073,3.951121e+08
345996550,3.965653e+08
343415692,3.81533e+08
347145076,3.832631e+08
351470197,3.832631e+08
353253113,3.96942e+08
350124372,3.973082e+08
329211860,3.835528e+08
349630225,3.8061827e+08
360122297,3.829402e+08
373269582,4.0507014e+08
330275163,3.9848192e+08
330468915,3.7538403e+08
341977684,3.7538403e+08
325217205,3.872118e+08
330353612,3.767124e+08
335036733,3.7959187e+08
345049291,3.687017e+08
337598545,3.704599e+08
342074422,3.7039488e+08
354015329,3.9351286e+08
382958015,4.0559974e+08
373630833,4.0665645e+08
341287098,4.0559974e+08
352480721,3.8527024e+08
364103216,3.9846403e+08
370426792,3.9883693e+08
359074415,4.009795e+08
361037223,4.0450752e+08
370133894,4.0628854e+08
22264587,2.4520302e+07
22772787,2.3078058e+07
22890137,2.3035474e+07
22572809,2.3078058e+07
23319592,2.3078058e+07
23357314,2.300323e+07
22953702,2.300323e+07
22272307,2.2960646e+07
22907791,2.2960646e+07
24059181,2.3230788e+07
23462552,2.3739508e+07
23950719,2.3782092e+07
23741771,2.3782092e+07
25065172,2.3155678e+07
25080892,2.4555334e+07
23816899,2.4597922e+07
23825887,2.3155678e+07
25106485,2.411634e+07
26216069,2.5558584e+07
26284223,2.5611686e+07
27833790,2.5633078e+07
27658681,2.5825346e+07
28181142,2.5606052e+07
28026795,2.7422224e+07
27233550,2.8853346e+07
27730959,2.8853346e+07
31263263,2.8661156e+07
29295752,3.0152878e+07
27964640,3.0152878e+07
29127141,2.941861e+07
29307271,2.9546084e+07
30340206,3.0819948e+07
28191073,3.0483748e+07
28164176,2.9082734e+07
27354433,2.8197806e+07
28296567,2.8629458e+07
26219165,2.784995e+07
25401322,2.7722476e+07
24647727,2.6238252e+07
24908515,2.4683906e+07
25367581,2.481138e+07
24305334,2.481138e+07
24293167,2.4590598e+07
23709244,2.4590598e+07
25600521,2.333424e+07
24777328,2.477648e+07
24545419,2.477648e+07
25523523,2.477648e+07
24246399,2.5289278e+07
25189012,2.5289278e+07
25134440,2.5289278e+07
27164719,2.5289278e+07
23545999,2.4573404e+07
24992025,2.313116e+07
23889254,2.4573404e+07
23757841,2.319063e+07
24385607,2.3202852e+07
24833609,2.5107984e+07
24628163,2.4996778e+07
24154151,2.4996778e+07
24253798,2.3583424e+07
26251443,2.5287942e+07
27144883,2.5277438e+07
27579680,2.529883e+07
25041537,2.529883e+07
25506948,2.479989e+07
27104665,2.471049e+07
26660282,2.4597922e+07
26266039,2.4597922e+07
26462619,2.4597922e+07
28258432,2.5611686e+07
163551098,1.6597688e+08
162783064,1.6455002e+08
167542161,1.642549e+08
157956138,1.6535206e+08
159023663,1.6221698e+08
165738850,1.6117824e+08
164866135,1.6447773e+08
163508228,1.648858e+08
172198536,1.6823517e+08
175873738,1.7201398e+08
177614299,1.7619e+08
176316871,1.7596813e+08
178770773,1.7635656e+08
181076192,1.7582939e+08
187262382,1.7638614e+08
189212253,1.8097312e+08
184741953,1.838127e+08
191013792,1.902274e+08
192637660,1.93672e+08
191201415,1.9594624e+08
203399074,1.9368102e+08
203009781,2.0280054e+08
198193324,2.0467338e+08
199979552,2.0010326e+08
206203991,2.0456547e+08
206761069,2.0709197e+08
212484199,2.0734669e+08
203704957,2.0451202e+08
206196711,2.0642397e+08
204000301,2.0913112e+08
209504320,2.0864846e+08
209825158,2.0536882e+08
211971500,2.0486458e+08
201723507,2.054254e+08
208685841,2.0597326e+08
207052636,2.0461346e+08
198776568,2.0078206e+08
200168053,1.9653886e+08
200145634,1.9846538e+08
202964629,2.0005077e+08
192621234,1.9962406e+08
192750334,1.9522293e+08
186735843,1.908125e+08
180597389,1.8501045e+08
183072080,1.8401573e+08
182848873,1.8434008e+08
186596158,1.8458602e+08
179285281,1.8322672e+08
178047572,1.8204014e+08
179660743,1.7969326e+08
187471223,1.8278677e+08
186801489,1.8576365e+08
178693691,1.8172387e+08
176995113,1.764404e+08
182273982,1.7418122e+08
171650115,1.7682805e+08
171331528,1.7190483e+08
178638946,1.7526362e+08
180928462,1.7824253e+08
179619574,1.7903186e+08
185148805,1.8018011e+08
193419521,1.900633e+08
206941748,2.0349072e+08
199129767,2.0707437e+08
188420756,2.0137022e+08
195832713,1.8869277e+08
197534798,1.9568422e+08
197670443,1.9498694e+08
198810907,1.9498694e+08
200954411,1.955184e+08
207827572,2.0199811e+08
24421534,2.4520302e+07
24382756,2.4520302e+07
25161451,2.4520302e+07
24097439,2.4520302e+07
24745497,2.3078058e+07
24178742,2.4996778e+07
24840137,2.4996778e+07
24813224,2.4996778e+07
24932951,2.4996778e+07
26142223,2.5224336e+07
26043139,2.5224336e+07
27033561,2.5277438e+07
26345509,2.5224336e+07
27394215,2.4651024e+07
26262039,2.4597922e+07
27877346,2.6435486e+07
26202166,2.6435486e+07
27760749,2.7396148e+07
28122314,2.7396148e+07
29779176,2.8994662e+07
29490107,3.0574066e+07
30564534,3.0574066e+07
31133691,3.1624236e+07
32190860,3.1431968e+07
32696955,3.3113974e+07
32599629,3.3241448e+07
34242938,3.2971784e+07
31691050,3.426528e+07
32895934,3.1906242e+07
32576162,3.2954888e+07
32311519,3.2954888e+07
33116872,3.2546198e+07
35828335,3.2563094e+07
30899092,3.4945892e+07
30005659,3.1410344e+07
30379794,3.0660796e+07
29086014,3.0561096e+07
29573605,2.9269856e+07
28387144,3.0889056e+07
27940575,2.8797318e+07
28029169,2.8797318e+07
28025866,2.8797318e+07
27164958,2.791239e+07
26502942,2.791239e+07
26862346,2.8098272e+07
27271878,2.8098272e+07
27720458,2.8098272e+07
26502628,2.6614044e+07
25773990,2.7126842e+07
27252181,2.71893e+07
27963413,2.71893e+07
28215951,2.8726294e+07
25916643,2.6421472e+07
25085727,2.6421472e+07
26827627,2.6421472e+07
25720897,2.6421472e+07
25917390,2.64484e+07
25884511,2.5060384e+07
27801440,2.5060384e+07
26981683,2.5060384e+07
26132930,2.5060384e+07
28296887,2.7125506e+07
29087945,2.7213618e+07
29043897,2.8670918e+07
27328951,2.8603066e+07
27831589,2.7811532e+07
28869793,2.7972812e+07
29071952,2.7870682e+07
28914905,2.791971e+07
30087804,2.8804638e+07
30904599,3.1497068e+07
224767189,2.252728e+08
221163584,2.1810435e+08
232413351,2.2300909e+08
215309649,2.21145e+08
219249546,2.1424712e+08
224516171,2.2482709e+08
225524007,2.2409523e+08
218613740,2.2647613e+08
233514026,2.2482709e+08
241950510,2.27436e+08
240827838,2.3472925e+08
239039594,2.3427248e+08
242009531,2.3528331e+08
248168046,2.404988e+08
252377518,2.4433075e+08
252796423,2.4445381e+08
247631530,2.453537e+08
255580296,2.5561646e+08
254369211,2.5580366e+08
259908048,2.5580366e+08
274411659,2.6449702e+08
263543147,2.6878746e+08
257824139,2.625431e+08
260960599,2.631242e+08
276362609,2.6312446e+08
270841107,2.6765042e+08
281650881,2.720977e+08
267019121,2.7209366e+08
269218064,2.7186902e+08
270085372,2.7914755e+08
273364370,2.7947296e+08
279884067,2.735328e+08
281964916,2.7635158e+08
271716139,2.7572842e+08
273613652,2.7522963e+08
279000553,2.7485814e+08
267382745,2.778904e+08
267283151,2.7041437e+08
262818392,2.69214e+08
268423833,2.609162e+08
258166827,2.6465067e+08
257083138,2.5428509e+08
249615671,2.5520314e+08
244890147,2.5498341e+08
247831243,2.5804275e+08
248078955,2.5104435e+08
252021988,2.491676e+08
244384957,2.4954936e+08
239754272,2.472571e+08
243035327,2.4144944e+08
255439196,2.4577867e+08
260271337,2.5146181e+08
238471494,2.4531112e+08
234174813,2.3913006e+08
241146884,2.3802053e+08
227700587,2.4038155e+08
232326868,2.3340501e+08
238263896,2.3994872e+08
244895147,2.388327e+08
243855297,2.4440534e+08
246705712,2.4440534e+08
263365665,2.4979558e+08
272208646,2.5761994e+08
261497090,2.621394e+08
250826661,2.5429605e+08
261110232,2.5781552e+08
262632908,2.5817126e+08
263975661,2.5768525e+08
264857799,2.5831934e+08
265892238,2.6133525e+08
273499573,2.696274e+08
756947881,6.681328e+08
762413549,6.763367e+08
773239165,6.8027795e+08
757025431,6.763367e+08
765830590,6.8027795e+08
777748296,6.856555e+08
782679657,6.84348e+08
782777958,6.84348e+08
802452110,6.833456e+08
816625522,7.23213e+08
812675554,7.2119674e+08
833042210,7.219216e+08
827095885,7.2119674e+08
850032374,7.163811e+08
871634417,6.941421e+08
870295163,6.941421e+08
839737382,7.22259e+08
850167887,7.2287277e+08
890296799,7.227699e+08
898767554,7.226667e+08
895583947,7.0436883e+08
920017258,6.927098e+08
909654384,7.0190944e+08
949870391,7.0190944e+08
969023692,7.0190944e+08
940907762,6.931958e+08
966249952,6.8869997e+08
936276204,7.1958534e+08
948093410,7.203679e+08
941450753,7.197938e+08
963109909,7.209234e+08
979016831,7.1396954e+08
985374559,7.176792e+08
956650830,7.176792e+08
950231655,7.1396954e+08
971086409,7.045129e+08
944672827,7.0519526e+08
931076823,7.0570035e+08
929950136,7.064805e+08
919216523,8.1154477e+08
922684371,8.1154477e+08
901641946,8.0848576e+08
871009110,7.7878803e+08
850515310,7.8403174e+08
847475436,7.74076e+08
852211525,7.754047e+08
877944513,7.659699e+08
817175269,7.7499437e+08
828531181,8.092298e+08
863198650,8.105212e+08
890163696,7.9272474e+08
883142797,7.837003e+08
809153466,6.925841e+08
811576957,6.925841e+08
831013727,6.933694e+08
803963606,6.925841e+08
805963645,6.925841e+08
809824257,6.907604e+08
843860928,7.204498e+08
824199487,7.204498e+08
848193679,7.2119674e+08
898283675,6.986888e+08
965979422,7.2891046e+08
921704775,7.2891046e+08
866642461,7.0042266e+08
877605066,6.981021e+08
897717812,6.943738e+08
908098471,6.9601184e+08
902732385,6.9601184e+08
913290167,7.171913e+08
962022027,7.014235e+08
70611523,7.530366e+07
70280805,7.318909e+07
72737608,7.318909e+07
70837611,7.318909e+07
73468048,7.318909e+07
73418460,7.378186e+07
74270303,7.3440824e+07
72603084,7.3440824e+07
73960836,7.267249e+07
77586798,7.5047976e+07
76383637,7.649078e+07
78357863,7.649078e+07
79620270,7.674916e+07
81837858,7.8238904e+07
78038771,7.91269e+07
80559640,7.770227e+07
78729130,7.839564e+07
81528141,8.09205e+07
84612637,8.216173e+07
82901430,8.259217e+07
84186908,8.434246e+07
86852590,8.434246e+07
87654632,8.748567e+07
90080446,8.875721e+07
90948762,8.92917e+07
90996915,9.15748e+07
97738996,9.11718e+07
91505962,9.318688e+07
93370301,9.0976936e+07
92176631,9.293489e+07
88275946,9.20766e+07
87746234,8.862531e+07
89318533,8.862531e+07
87263410,8.874908e+07
88644859,8.732858e+07
90796250,8.744834e+07
85704126,8.896772e+07
82578747,8.339959e+07
81583654,8.2577416e+07
82461166,8.324028e+07
80715550,8.333997e+07
79051882,8.107303e+07
78997315,8.08745e+07
76819843,7.8714696e+07
76788218,7.8900584e+07
77514267,7.710746e+07
80800177,7.710509e+07
78027638,7.753408e+07
73883028,7.7888504e+07
76445233,7.741118e+07
82619797,7.79121e+07
85948631,8.0516504e+07
72618035,8.146474e+07
72347102,7.848267e+07
74997968,7.7198744e+07
74262694,7.907919e+07
75155901,7.783942e+07
76237505,7.73924e+07
80090616,7.710998e+07
77638645,7.7661736e+07
77673269,7.715967e+07
83904754,7.9543944e+07
88790245,8.234553e+07
84876141,8.667171e+07
80341382,8.4185784e+07
80784702,8.2587304e+07
83693796,8.199525e+07
82950875,8.229506e+07
83207752,8.229506e+07
87151461,8.203668e+07
90346612,8.759194e+07
17602152,1.6941922e+07
16658675,1.6941922e+07
16914502,1.6395424e+07
16263822,1.6408828e+07
16366358,1.6110234e+07
17004640,1.690644e+07
16689059,1.6820444e+07
16725384,1.6862028e+07
16700359,1.6827486e+07
17086731,1.7099456e+07
16804677,1.7099456e+07
17123995,1.7055044e+07
16939633,1.7055044e+07
17273732,1.6428629e+07
16901303,1.6428629e+07
17514824,1.6428629e+07
16530617,1.6961726e+07
17584378,1.7364944e+07
18223424,1.8115632e+07
19138994,1.8115632e+07
20057254,1.9878772e+07
19462028,2.0140504e+07
20243384,2.0075404e+07
19894380,2.0054008e+07
20105333,1.9955278e+07
20273985,1.9955278e+07
22844305,2.1716872e+07
21109350,2.3057788e+07
21496521,2.1716872e+07
21507024,2.1716872e+07
21055279,2.167124e+07
21576116,2.147364e+07
20866311,2.147364e+07
19885724,2.154155e+07
19708102,2.0357788e+07
19188721,1.9904512e+07
18020623,1.9055184e+07
18198310,1.807116e+07
17772235,1.7836954e+07
17781060,1.8153632e+07
18224034,1.8153632e+07
17842758,1.7891896e+07
17253872,1.7891896e+07
17001670,1.73588e+07
17483212,1.7544682e+07
16990549,1.7456866e+07
17076820,1.692377e+07
17415651,1.692377e+07
16973330,1.7969664e+07
17078050,1.7436568e+07
17867737,1.7436568e+07
19232544,1.7969664e+07
18254415,1.8854686e+07
17426156,1.7870658e+07
17048539,1.7870658e+07
17196042,1.7337562e+07
17032340,1.7337562e+07
17520094,1.7814038e+07
17722087,1.7726222e+07
17621735,1.7726222e+07
17333835,1.7726222e+07
18343682,1.795378e+07
18511581,1.8574692e+07
19111463,1.8574692e+07
17260096,1.955872e+07
17377273,1.7415182e+07
18173575,1.7948278e+07
18162049,1.7948278e+07
17623203,1.7948278e+07
18276857,1.7948278e+07
19494926,1.8736544e+07
247570917,2.5108216e+08
248898889,2.4917928e+08
250857872,2.463341e+08
240630000,2.5112526e+08
246332113,2.4281795e+08
247718808,2.4651803e+08
247796846,2.4547072e+08
245704581,2.4661088e+08
254539797,2.4576744e+08
263806233,2.5037294e+08
266351669,2.5443877e+08
267757777,2.6334888e+08
269389622,2.6548872e+08
272520470,2.6363344e+08
277964646,2.6141147e+08
282253256,2.6935856e+08
274802222,2.6993574e+08
290727348,2.8261296e+08
284854597,2.8389994e+08
279296130,2.830949e+08
302860488,2.898119e+08
292593331,2.9713424e+08
295835576,2.875993e+08
290185531,2.8868886e+08
299528811,2.888442e+08
296107450,2.891028e+08
313281997,2.8849763e+08
294810632,2.9820032e+08
302418266,2.8746074e+08
298574850,2.959474e+08
298870973,2.862801e+08
302468893,2.8365923e+08
302020483,3.0440128e+08
295293415,2.91663e+08
306222919,2.836567e+08
309506677,3.0151107e+08
289237582,2.9029754e+08
291679545,2.8173795e+08
287218015,2.830527e+08
288864320,2.8339325e+08
278024414,2.8719978e+08
276442480,2.8365766e+08
270821530,2.775018e+08
270254957,2.716458e+08
273249495,2.7339037e+08
272549134,2.758108e+08
276320017,2.76032e+08
267855343,2.7641568e+08
265354902,2.7800378e+08
269510630,2.7800378e+08
281170584,2.7681725e+08
279780285,2.824849e+08
262853194,2.724275e+08
263411853,2.5540934e+08
268174663,2.5612931e+08
255636483,2.6169934e+08
257988853,2.5824365e+08
264660031,2.6034205e+08
270253070,2.6367869e+08
271129890,2.6525728e+08
274063689,2.6638314e+08
289520255,2.7021846e+08
307916269,2.831631e+08
297202719,3.0826467e+08
279532595,2.9152192e+08
286229977,2.8331587e+08
293839744,2.798795e+08
297359967,2.818137e+08
294647609,2.8026576e+08
295973428,2.803779e+08
301772658,2.9101702e+08
161762010,1.6741006e+08
166032159,1.6266142e+08
167157717,1.6714299e+08
164346106,1.6677482e+08
164024827,1.6717693e+08
170138891,1.679366e+08
163459979,1.6763011e+08
160798545,1.6663957e+08
165041501,1.63821e+08
171832948,1.6961579e+08
172443375,1.733811e+08
174739185,1.7362934e+08
172332060,1.7630942e+08
177811519,1.7078909e+08
173850320,1.7634474e+08
185583529,1.7492914e+08
177382652,1.7741976e+08
185282379,1.8275277e+08
191812755,1.8659701e+08
189038308,1.9354078e+08
187445495,1.906091e+08
191419160,1.931586e+08
192140102,1.9566365e+08
195542842,1.9490277e+08
194298028,1.9724394e+08
213212072,2.006532e+08
213331560,2.05165e+08
199809591,2.0716691e+08
202846648,2.0428931e+08
205218551,2.0649515e+08
216107723,2.0593744e+08
206136814,2.0414232e+08
207721411,2.0287709e+08
197668602,2.0033974e+08
198708266,1.9860544e+08
201258179,1.9588189e+08
191922359,1.9455498e+08
183687055,1.8686069e+08
181678982,1.8312117e+08
181472967,1.832238e+08
181190007,1.8288934e+08
177515318,1.8289792e+08
172848242,1.7652656e+08
171748533,1.7249966e+08
172511051,1.725983e+08
173273334,1.7262949e+08
180770466,1.7567576e+08
172251421,1.7708922e+08
170942767,1.7366995e+08
176451625,1.7349128e+08
185957278,1.7625043e+08
180973702,1.7990797e+08
167220717,1.7286674e+08
173888699,1.7080762e+08
173124788,1.7282358e+08
169139520,1.7134803e+08
170124244,1.6921789e+08
172039129,1.7188272e+08
178619260,1.7344194e+08
171916008,1.81023e+08
174541337,1.7515931e+08
183342555,1.8533904e+08
193005316,1.9335742e+08
190162701,1.9889771e+08
177118420,1.9391461e+08
180139569,1.7758677e+08
189468341,1.8172432e+08
186078146,1.8705179e+08
183827308,1.8630867e+08
195255996,1.8530829e+08
201179479,2.0194984e+08
62574613,6.2619956e+07
65536847,6.2607956e+07
65977530,6.4039776e+07
59321562,6.4338996e+07
60682206,6.2625076e+07
65299885,6.370662e+07
65081501,6.5573164e+07
61789071,6.5573164e+07
66154613,6.423898e+07
69455420,6.6600572e+07
69900352,7.123676e+07
67501870,7.041244e+07
67529122,6.91675e+07
69274026,6.789899e+07
74097573,7.027332e+07
72078836,7.103577e+07
68168618,7.0469176e+07
72863254,7.005544e+07
74749669,7.259688e+07
73227904,7.50755e+07
75824754,7.472882e+07
72996966,7.50755e+07
75400185,7.4114616e+07
74937530,7.551374e+07
73102634,7.54077e+07
72747321,7.506101e+07
78622911,7.506537e+07
76261142,7.618039e+07
75992653,7.618039e+07
73511310,7.618039e+07
74698082,7.5833704e+07
78282945,7.5002216e+07
77673203,7.5694296e+07
73275469,7.5002216e+07
76344248,7.465553e+07
77349828,7.385655e+07
76050201,7.4119656e+07
74104004,7.400889e+07
70874506,7.3726696e+07
71932125,7.251417e+07
74190182,7.251417e+07
70746845,7.3282504e+07
67673967,7.13483e+07
67504383,6.7225144e+07
70416470,6.7535064e+07
70382175,6.979825e+07
67479595,6.979825e+07
66490665,6.745089e+07
67049392,6.6763212e+07
70499335,6.67107e+07
69850626,7.036449e+07
70641050,7.031198e+07
65687268,6.981443e+07
69959953,6.6213176e+07
69952896,6.981443e+07
63364499,7.030195e+07
65045343,6.6481024e+07
69293480,6.82876e+07
71515363,7.153723e+07
69092458,7.153723e+07
69679104,7.153723e+07
75067825,7.227438e+07
78255741,7.37599e+07
75107018,7.548518e+07
69340958,7.548518e+07
71158238,7.32396e+07
78461254,7.423915e+07
76094026,7.59407e+07
74040229,7.59407e+07
75759703,7.4497896e+07
79297110,7.78508e+07
137051597,1.401028e+08
133988048,1.390427e+08
138091774,1.390427e+08
138088477,1.3894347e+08
139017541,1.3865032e+08
138271158,1.3745912e+08
139412016,1.3505064e+08
140249085,1.3765194e+08
141695532,1.3894778e+08
144612058,1.395945e+08
143274356,1.4075872e+08
144371738,1.4075683e+08
143698515,1.4341184e+08
148790635,1.4215486e+08
147485688,1.4338173e+08
154578677,1.4505424e+08
146967859,1.4668974e+08
152496195,1.529477e+08
156608949,1.5550152e+08
164745922,1.5788075e+08
165614107,1.6439555e+08
165984431,1.6977987e+08
170291439,1.6758037e+08
169388310,1.7007203e+08
173919687,1.7165213e+08
170159445,1.7589565e+08
181212901,1.678248e+08
167227740,1.7595835e+08
169197846,1.6965954e+08
171737769,1.6965954e+08
168619060,1.7222994e+08
167300996,1.6802206e+08
163347700,1.6788515e+08
163579799,1.6702674e+08
164951299,1.6719976e+08
168076195,1.6750634e+08
156684671,1.6491387e+08
156284474,1.569926e+08
153506964,1.5505106e+08
151968250,1.566955e+08
152510846,1.566955e+08
149052272,1.5153304e+08
149625338,1.4917504e+08
146529936,1.4917504e+08
145964568,1.4951531e+08
148390555,1.4924843e+08
152474912,1.4956093e+08
150635816,1.5093595e+08
142193070,1.497726e+08
147823738,1.4489126e+08
155791297,1.5181758e+08
161068988,1.5641802e+08
142641458,1.5755597e+08
140556535,1.5912363e+08
142879650,1.5058286e+08
141574072,1.5085498e+08
144952624,1.5042712e+08
145493912,1.5176858e+08
150103507,1.46841e+08
149355707,1.4711987e+08
147986205,1.4711987e+08
153305059,1.506973e+08
161762846,1.5622006e+08
160997581,1.5740637e+08
146433104,1.5740637e+08
148877959,1.5149029e+08
158992907,1.5294806e+08
162525239,1.5834605e+08
155482743,1.5834605e+08
162200446,1.5803696e+08
167233104,1.6719563e+08
18558114,1.9116418e+07
19060213,1.854069e+07
19293884,1.9116418e+07
18742366,1.9116418e+07
19087435,1.854069e+07
19332637,1.9592894e+07
18750807,1.9592894e+07
18726525,1.9017166e+07
19316739,1.9017166e+07
20806984,1.9820452e+07
19684154,2.0936308e+07
19868982,1.9820452e+07
19955137,1.9709774e+07
20758233,1.9194038e+07
20264842,2.0199216e+07
20243209,1.999434e+07
20089693,1.908336e+07
21096833,2.0893284e+07
21531689,2.2009136e+07
21616613,2.2009136e+07
21585248,2.2009136e+07
22541744,2.2009136e+07
24100158,2.348123e+07
24664630,2.3443156e+07
24740091,2.4885396e+07
24498523,2.54367e+07
26235911,2.513128e+07
25544968,2.4833154e+07
25693764,2.5005704e+07
26000871,2.5131946e+07
25244641,2.5131946e+07
25201050,2.4876014e+07
24566757,2.4876014e+07
23638624,2.4876014e+07
22936352,2.3433774e+07
24172878,2.2980498e+07
22719550,2.2980498e+07
22254099,2.2980498e+07
21497707,2.2429194e+07
21704018,2.1256134e+07
21604743,2.1256134e+07
20696539,2.1256134e+07
20298615,2.1256134e+07
19606306,2.1188224e+07
20495111,2.0258254e+07
19780659,2.1374106e+07
20184986,2.0258254e+07
19548922,1.9347274e+07
19550615,1.9860072e+07
20143294,1.9860072e+07
20651204,1.9860072e+07
21015453,2.0975928e+07
19128635,2.0232274e+07
19531016,1.9116418e+07
19876354,1.9116418e+07
19709727,1.9116418e+07
19594505,1.9116418e+07
20212000,1.9592894e+07
20510614,1.9592894e+07
20096421,2.070875e+07
19972751,1.9592894e+07
21887585,2.0731432e+07
21955065,2.1847284e+07
21499314,2.1847284e+07
20230807,2.1847284e+07
20543373,2.0105018e+07
21188736,2.122087e+07
20958790,2.122087e+07
21367217,2.122087e+07
22511772,2.122087e+07
23276821,2.3448786e+07
